{"qas": [{"question": "Why is a transistor so useful?", "id": "572ee21dc246551400ce476c", "answers": [{"text": "gain", "answer_start": 214}], "is_impossible": false}, {"question": "What is gain?", "id": "572ee21dc246551400ce476d", "answers": [{"text": "it can act as an amplifier", "answer_start": 340}], "is_impossible": false}, {"question": "What is an additional use of the transistor?", "id": "572ee21dc246551400ce476e", "answers": [{"text": "turn current on or off in a circuit", "answer_start": 413}], "is_impossible": false}, {"question": "What determines the amount of current in an electrically controlled switch?", "id": "572ee21dc246551400ce476f", "answers": [{"text": "other circuit elements", "answer_start": 532}], "is_impossible": false}, {"plausible_answers": [{"text": "the amount of current", "answer_start": 493}], "question": "What controls how strong the output signal is?", "id": "5a7b64e521c2de001afe9fbe", "answers": [], "is_impossible": true}, {"plausible_answers": [{"text": "terminals", "answer_start": 118}], "question": "Where are transistors located?", "id": "5a7b64e521c2de001afe9fbf", "answers": [], "is_impossible": true}, {"plausible_answers": [{"text": "small", "answer_start": 73}], "question": "How large is a transistor in comparison to a terminal?", "id": "5a7b64e521c2de001afe9fc0", "answers": [], "is_impossible": true}, {"plausible_answers": [{"text": "weaker", "answer_start": 310}], "question": "What does a signal become when the transistor does not work properly?", "id": "5a7b64e521c2de001afe9fc1", "answers": [], "is_impossible": true}, {"plausible_answers": [{"text": "terminals", "answer_start": 179}], "question": "Where would an electrically controlled switch be located?", "id": "5a7b64e521c2de001afe9fc2", "answers": [], "is_impossible": true}], "context": "The essential usefulness of a transistor comes from its ability to use a small signal applied between one pair of its terminals to control a much larger signal at another pair of terminals. This property is called gain. It can produce a stronger output signal, a voltage or current, which is proportional to a weaker input signal; that is, it can act as an amplifier. Alternatively, the transistor can be used to turn current on or off in a circuit as an electrically controlled switch, where the amount of current is determined by other circuit elements."}