[
    {
        "question": "What are the Random Hills?",
        "model_answer": "The Random Hills are a group of rugged hills located in Victoria Land, Antarctica."
    },
    {
        "question": "Which glaciers bound the Random Hills to the west and east?",
        "model_answer": "Campbell Glacier and Tinker Glacier and Wood Bay."
    },
    {
        "question": "How far are the Random Hills from Mount Melbourne?",
        "model_answer": "Approximately 15 nautical miles (28 km; 17 mi) north-northwest."
    },
    {
        "question": "Who named the Random Hills?",
        "model_answer": "New Zealand Geological Survey Antarctic Expedition (NZGSAE)"
    },
    {
        "question": "Why were the Random Hills given their name?",
        "model_answer": "The name \"Random Hills\" was given by the Southern Party of the New Zealand Geological Survey Antarctic Expedition (NZGSAE) during 1966\u201367, due to the random orientation of the ridges that comprise the feature."
    },
    {
        "question": "What is the geological composition of the Random Hills?",
        "model_answer": "Unanswerable"
    },
    {
        "question": "When were the Random Hills formed?",
        "model_answer": "Unanswerable"
    },
    {
        "question": "What is the height of the tallest hill in the Random Hills?",
        "model_answer": "Unanswerable"
    },
    {
        "question": "Which animals are commonly found in the Random Hills region?",
        "model_answer": "Unanswerable"
    },
    {
        "question": "What role do the Random Hills play in Antarctic research?",
        "model_answer": "Unanswerable"
    }
]