{
    "context": "The Random Hills are a group of rugged hills located in Victoria Land, Antarctica. They are bounded on the west by Campbell Glacier and on the east by Tinker Glacier and Wood Bay. These hills are centered about 15 nautical miles (28 km; 17 mi) north-northwest of Mount Melbourne. The name \"Random Hills\" was given by the Southern Party of the New Zealand Geological Survey Antarctic Expedition (NZGSAE) during 1966\u201367, due to the random orientation of the ridges that comprise the feature.",
    "qas": [
        {
            "question": "What are the Random Hills?",
            "id": "1",
            "answers": [
                {
                    "text": "a group of rugged hills located in Victoria Land, Antarctica",
                    "answer_start": 28
                }
            ],
            "is_impossible": false
        },
        {
            "question": "Which glaciers bound the Random Hills to the west and east?",
            "id": "2",
            "answers": [
                {
                    "text": "Campbell Glacier and on the east by Tinker Glacier and Wood Bay",
                    "answer_start": 72
                }
            ],
            "is_impossible": false
        },
        {
            "question": "How far are the Random Hills from Mount Melbourne?",
            "id": "3",
            "answers": [
                {
                    "text": "15 nautical miles (28 km; 17 mi) north-northwest of Mount Melbourne",
                    "answer_start": 150
                }
            ],
            "is_impossible": false
        },
        {
            "question": "Who named the Random Hills?",
            "id": "4",
            "answers": [
                {
                    "text": "Southern Party of the New Zealand Geological Survey Antarctic Expedition (NZGSAE)",
                    "answer_start": 209
                }
            ],
            "is_impossible": false
        },
        {
            "question": "Why were the Random Hills given their name?",
            "id": "5",
            "answers": [
                {
                    "text": "due to the random orientation of the ridges that comprise the feature",
                    "answer_start": 308
                }
            ],
            "is_impossible": false
        },
        {
            "plausible_answers": [
                {
                    "text": "part of the McMurdo Volcanic Group",
                    "answer_start": 0
                }
            ],
            "question": "What is the geological composition of the Random Hills?",
            "id": "6",
            "answers": [],
            "is_impossible": true
        },
        {
            "plausible_answers": [
                {
                    "text": "during the Miocene epoch",
                    "answer_start": 0
                }
            ],
            "question": "When were the Random Hills formed?",
            "id": "7",
            "answers": [],
            "is_impossible": true
        },
        {
            "plausible_answers": [
                {
                    "text": "1,410 meters (4,630 feet)",
                    "answer_start": 0
                }
            ],
            "question": "What is the height of the tallest hill in the Random Hills?",
            "id": "8",
            "answers": [],
            "is_impossible": true
        },
        {
            "plausible_answers": [
                {
                    "text": "penguins and seals",
                    "answer_start": 0
                }
            ],
            "question": "Which animals are commonly found in the Random Hills region?",
            "id": "9",
            "answers": [],
            "is_impossible": true
        },
        {
            "plausible_answers": [
                {
                    "text": "geological mapping and volcanic studies",
                    "answer_start": 0
                }
            ],
            "question": "What role do the Random Hills play in Antarctic research?",
            "id": "10",
            "answers": [],
            "is_impossible": true
        }
    ]
}